Workbook

Sheet Summary
A1: SSDLC Threat Modeling — Summary
A3: Checklist Metric | B3: Count
A4: Total checklist items | B4: =COUNTA('Threat Modeling Checklist'!A11:A85)
A5: Pass | B5: =COUNTIF('Threat Modeling Checklist'!E11:E85,"Pass")
A6: Fail | B6: =COUNTIF('Threat Modeling Checklist'!E11:E85,"Fail")
A7: In Progress | B7: =COUNTIF('Threat Modeling Checklist'!E11:E85,"In Progress")
A8: Not Reviewed | B8: =COUNTIF('Threat Modeling Checklist'!E11:E85,"Not Reviewed")
A9: Not Applicable | B9: =COUNTIF('Threat Modeling Checklist'!E11:E85,"Not Applicable")
A10: Pass Mark checked (☑) | B10: =COUNTIF('Threat Modeling Checklist'!D11:D85,"☑")
A11: Threats entered in register | B11: =COUNTIF('Threat Register'!D5:D34,"<>")
A12: Critical threats (inherent) | B12: =COUNTIF('Threat Register'!K5:K34,"Critical")
A13: High threats (inherent) | B13: =COUNTIF('Threat Register'!K5:K34,"High")
A16: Checklist completion by SSDLC area
A17: Area | B17: Total | C17: Pass | D17: Fail
A18: 1. Initiation & Scope | B18: =COUNTIF('Threat Modeling Checklist'!B11:B85,A18) | C18: =COUNTIFS('Threat Modeling Checklist'!B11:B85,A18,'Threat Modeling Checklist'!E11:E85,"Pass") | D18: =COUNTIFS('Threat Modeling Checklist'!B11:B85,A18,'Threat Modeling Checklist'!E11:E85,"Fail")
A19: 2. Architecture & System Decomposition | B19: =COUNTIF('Threat Modeling Checklist'!B11:B85,A19) | C19: =COUNTIFS('Threat Modeling Checklist'!B11:B85,A19,'Threat Modeling Checklist'!E11:E85,"Pass") | D19: =COUNTIFS('Threat Modeling Checklist'!B11:B85,A19,'Threat Modeling Checklist'!E11:E85,"Fail")
A20: 3. Assets, Data & Security Objectives | B20: =COUNTIF('Threat Modeling Checklist'!B11:B85,A20) | C20: =COUNTIFS('Threat Modeling Checklist'!B11:B85,A20,'Threat Modeling Checklist'!E11:E85,"Pass") | D20: =COUNTIFS('Threat Modeling Checklist'!B11:B85,A20,'Threat Modeling Checklist'!E11:E85,"Fail")
A21: 4. Threat Identification | B21: =COUNTIF('Threat Modeling Checklist'!B11:B85,A21) | C21: =COUNTIFS('Threat Modeling Checklist'!B11:B85,A21,'Threat Modeling Checklist'!E11:E85,"Pass") | D21: =COUNTIFS('Threat Modeling Checklist'!B11:B85,A21,'Threat Modeling Checklist'!E11:E85,"Fail")
A22: 5. Risk Analysis & Prioritization | B22: =COUNTIF('Threat Modeling Checklist'!B11:B85,A22) | C22: =COUNTIFS('Threat Modeling Checklist'!B11:B85,A22,'Threat Modeling Checklist'!E11:E85,"Pass") | D22: =COUNTIFS('Threat Modeling Checklist'!B11:B85,A22,'Threat Modeling Checklist'!E11:E85,"Fail")
A23: 6. Mitigation & Security Requirements | B23: =COUNTIF('Threat Modeling Checklist'!B11:B85,A23) | C23: =COUNTIFS('Threat Modeling Checklist'!B11:B85,A23,'Threat Modeling Checklist'!E11:E85,"Pass") | D23: =COUNTIFS('Threat Modeling Checklist'!B11:B85,A23,'Threat Modeling Checklist'!E11:E85,"Fail")
A24: 7. Verification & Validation | B24: =COUNTIF('Threat Modeling Checklist'!B11:B85,A24) | C24: =COUNTIFS('Threat Modeling Checklist'!B11:B85,A24,'Threat Modeling Checklist'!E11:E85,"Pass") | D24: =COUNTIFS('Threat Modeling Checklist'!B11:B85,A24,'Threat Modeling Checklist'!E11:E85,"Fail")
A25: 8. Governance, Release & Maintenance | B25: =COUNTIF('Threat Modeling Checklist'!B11:B85,A25) | C25: =COUNTIFS('Threat Modeling Checklist'!B11:B85,A25,'Threat Modeling Checklist'!E11:E85,"Pass") | D25: =COUNTIFS('Threat Modeling Checklist'!B11:B85,A25,'Threat Modeling Checklist'!E11:E85,"Fail")

Sheet Threat Modeling Checklist
A1: SSDLC Threat Modeling Checklist
A2: Use at design time and revisit for material changes. Select ☑ only after verification; record status and supporting evidence. Tailor controls to application context and risk.
A4: Application / Product
A5: Release / Version
A6: Threat Modeling Facilitator
A7: Review Date
A8: Architecture / Diagram Link
A10: ID | B10: SSDLC Phase / Area | C10: Checklist Requirement | D10: Pass Mark | E10: Status | F10: Risk Priority | G10: Evidence / Reference | H10: Owner | I10: Due Date / Follow-up
A11: TM-001 | B11: 1. Initiation & Scope | C11: Threat modeling is planned as an explicit SSDLC activity for the application or change. | D11: ☐ | E11: Not Reviewed | F11: Not Assessed | H11: Security Lead / Product Owner
A12: TM-002 | B12: 1. Initiation & Scope | C12: Application name, business purpose, version/release, owner, and review date are recorded. | D12: ☐ | E12: Not Reviewed | F12: Not Assessed | H12: Product Owner
A13: TM-003 | B13: 1. Initiation & Scope | C13: Threat-modeling scope and exclusions are documented and approved. | D13: ☐ | E13: Not Reviewed | F13: Not Assessed | H13: Architect / Product Owner
A14: TM-004 | B14: 1. Initiation & Scope | C14: Security classification and sensitivity of the application and its data are identified. | D14: ☐ | E14: Not Reviewed | F14: Not Assessed | H14: Data Owner
A15: TM-005 | B15: 1. Initiation & Scope | C15: Applicable regulatory, contractual, privacy, and internal security requirements are identified. | D15: ☐ | E15: Not Reviewed | F15: Not Assessed | H15: GRC / Security
A16: TM-006 | B16: 1. Initiation & Scope | C16: Relevant stakeholders are identified, including development, architecture, operations, security, privacy, and business owners. | D16: ☐ | E16: Not Reviewed | F16: Not Assessed | H16: Project Manager
A17: TM-007 | B17: 1. Initiation & Scope | C17: Threat modeling is scheduled at design time and repeated for material changes. | D17: ☐ | E17: Not Reviewed | F17: Not Assessed | H17: Engineering Lead
A18: TM-008 | B18: 2. Architecture & System Decomposition | C18: A current architecture or system-context diagram is available and reviewed. | D18: ☐ | E18: Not Reviewed | F18: Not Assessed | H18: Solution Architect
A19: TM-009 | B19: 2. Architecture & System Decomposition | C19: Major components, services, processes, jobs, APIs, and dependencies are represented. | D19: ☐ | E19: Not Reviewed | F19: Not Assessed | H19: Solution Architect
A20: TM-010 | B20: 2. Architecture & System Decomposition | C20: External entities and third-party services are identified. | D20: ☐ | E20: Not Reviewed | F20: Not Assessed | H20: Solution Architect
A21: TM-011 | B21: 2. Architecture & System Decomposition | C21: Data flows between components are documented, including protocols and direction. | D21: ☐ | E21: Not Reviewed | F21: Not Assessed | H21: Developer / Architect
A22: TM-012 | B22: 2. Architecture & System Decomposition | C22: Trust boundaries are marked where identity, privilege, network zone, ownership, or control changes. | D22: ☐ | E22: Not Reviewed | F22: Not Assessed | H22: Security Architect
... A85: TM-075 | B85: 8. Governance, Release & Maintenance | C85: A periodic review cadence is defined for long-lived applications and critical services. | D85: ☐ | E85: Not Reviewed | F85: Not Assessed | H85: Application Owner

Sheet Threat Register
A1: Threat Register & Risk Treatment
A2: Record each identified threat. Use one row per threat; link it to the component/data flow and checklist evidence. Risk scoring should follow your organization's approved methodology.
A4: Threat ID | B4: Component / Data Flow | C4: Asset / Data | D4: Threat Scenario | E4: Threat Category | F4: Attack Vector / Preconditions | G4: Existing Controls | H4: Likelihood (1-5) | I4: Impact (1-5) | J4: Inherent Score | K4: Inherent Rating | L4: Treatment / Mitigation | M4: Owner | N4: Due Date | O4: Residual Risk / Acceptance
J5: =IF(OR(H5="",I5=""),"",H5*I5) | K5: =IF(J5="","",IF(J5>=20,"Critical",IF(J5>=15,"High",IF(J5>=6,"Medium","Low"))))
J6: =IF(OR(H6="",I6=""),"",H6*I6) | K6: =IF(J6="","",IF(J6>=20,"Critical",IF(J6>=15,"High",IF(J6>=6,"Medium","Low"))))
J7: =IF(OR(H7="",I7=""),"",H7*I7) | K7: =IF(J7="","",IF(J7>=20,"Critical",IF(J7>=15,"High",IF(J7>=6,"Medium","Low"))))
J8: =IF(OR(H8="",I8=""),"",H8*I8) | K8: =IF(J8="","",IF(J8>=20,"Critical",IF(J8>=15,"High",IF(J8>=6,"Medium","Low"))))
J9: =IF(OR(H9="",I9=""),"",H9*I9) | K9: =IF(J9="","",IF(J9>=20,"Critical",IF(J9>=15,"High",IF(J9>=6,"Medium","Low"))))
J10: =IF(OR(H10="",I10=""),"",H10*I10) | K10: =IF(J10="","",IF(J10>=20,"Critical",IF(J10>=15,"High",IF(J10>=6,"Medium","Low"))))
J11: =IF(OR(H11="",I11=""),"",H11*I11) | K11: =IF(J11="","",IF(J11>=20,"Critical",IF(J11>=15,"High",IF(J11>=6,"Medium","Low"))))
J12: =IF(OR(H12="",I12=""),"",H12*I12) | K12: =IF(J12="","",IF(J12>=20,"Critical",IF(J12>=15,"High",IF(J12>=6,"Medium","Low"))))
J13: =IF(OR(H13="",I13=""),"",H13*I13) | K13: =IF(J13="","",IF(J13>=20,"Critical",IF(J13>=15,"High",IF(J13>=6,"Medium","Low"))))
J14: =IF(OR(H14="",I14=""),"",H14*I14) | K14: =IF(J14="","",IF(J14>=20,"Critical",IF(J14>=15,"High",IF(J14>=6,"Medium","Low"))))
J15: =IF(OR(H15="",I15=""),"",H15*I15) | K15: =IF(J15="","",IF(J15>=20,"Critical",IF(J15>=15,"High",IF(J15>=6,"Medium","Low"))))
J16: =IF(OR(H16="",I16=""),"",H16*I16) | K16: =IF(J16="","",IF(J16>=20,"Critical",IF(J16>=15,"High",IF(J16>=6,"Medium","Low"))))
... J34: =IF(OR(H34="",I34=""),"",H34*I34) | K34: =IF(J34="","",IF(J34>=20,"Critical",IF(J34>=15,"High",IF(J34>=6,"Medium","Low"))))

Sheet Guidance
A1: How to Use the SSDLC Threat Modeling Workbook
A3: Purpose | B3: Use this workbook to structure threat modeling across the Secure Software Development Life Cycle (SSDLC), from scoping and architecture through mitigation, verification, release, and maintenance.
A4: Checklist workflow | B4: For each applicable item, review the requirement, select Pass Mark ☑ only after verification, set the Status, assign an owner, and record evidence or follow-up. Use Not Applicable only with a brief rationale in Evidence / Reference.
A5: Threat Register | B5: Create one row per threat scenario. Record the component/data flow, asset, category, attack vector, existing controls, treatment, owner, due date, and residual risk or acceptance.
A6: Risk score | B6: Inherent Score = Likelihood × Impact, each rated 1–5. The default bands are Low 1–5, Medium 6–14, High 15–19, Critical 20–25. Replace these bands if your organization has an approved risk matrix.
A7: Likelihood / impact | B7: Use your organization's documented definitions for likelihood and impact. The numerical scales and rating bands are starter guidance, not a substitute for approved risk criteria.
A8: STRIDE | B8: Consider Spoofing, Tampering, Repudiation, Information Disclosure, Denial of Service, and Elevation of Privilege for relevant components and data flows. Add privacy, supply-chain, and domain-specific threats as needed.
A9: Review triggers | B9: Revisit the model when architecture, trust boundaries, data classification, external exposure, identity flows, dependencies, deployment patterns, or business requirements materially change.
A10: Release gate | B10: Critical/high threats should have implemented and verified mitigations or documented risk acceptance by an authorized owner before release, consistent with organizational policy.
A11: Limitations | B11: This is a general-purpose working checklist. Tailor it to the application, threat landscape, technology stack, risk appetite, and applicable regulatory obligations. It does not certify compliance or replace security testing.
A12: Suggested references | B12: OWASP Threat Modeling; OWASP SAMM; Microsoft Security Development Lifecycle (SDL); NIST Secure Software Development Framework (SSDF, SP 800-218). Consult the latest official publications when establishing your process.
